id,time
1,4.05993
2,4.064045
3,4.070146
4,4.054218
5,4.044106
6,4.04155
7,4.053556
8,4.058891
9,4.053456
10,4.0453
