id,time
1,4.051681
2,4.062427
3,4.070434
4,4.070824
5,4.051533
6,4.070064
7,4.060349
8,4.053242
9,4.072179
10,4.076122
